{
    "com": 0.4642459492499862,
    "fr": 0.29313393102214735,
    "org": 0.05739637574583435,
    "net": 0.04231830062301282,
    "be": 0.027760709104428113,
    "ca": 0.022794298326721755,
    "ch": 0.01807609431032978,
    "info": 0.011474847287025391,
    "co": 0.01109472163092934,
    "eu": 0.008280884196123155,
    "tv": 0.004321261873925602,
    "ma": 0.0028730281804111627,
    "de": 0.002118043940812799,
    "lu": 0.0019246484789495414,
    "it": 0.0016862202799853723,
    "ru": 0.0016298068514890166,
    "biz": 0.001476496893081519,
    "pl": 0.0014146535382148476,
    "me": 0.0011874197024513025,
    "nl": 0.0010675387827759437,
    "app": 0.0010286680804643667,
    "tk": 0.0009976862498342778,
    "es": 0.0009726595856827387,
    "tn": 0.0009559281940785557,
    "uk": 0.0007534217236339251,
    "pro": 0.0006743994960652737,
    "re": 0.0006565780111638347,
    "bzh": 0.0005971495870741261,
    "blog": 0.0005595142260226966,
    "xxx": 0.000504939137905159,
    "dz": 0.0004842288324084344,
    "io": 0.0004731166296716682,
    "sn": 0.00046337327894881836,
    "int": 0.0004418076243372886,
    "ci": 0.00043864151217648295,
    "club": 0.00042293712637052236,
    "cz": 0.00038021808661789204,
    "xyz": 0.00037789852066504975,
    "top": 0.0003676299298339662,
    "br": 0.0003639708548900139,
    "edu": 0.0003553161303132798,
    "ro": 0.0003412197421571074,
    "pt": 0.000334969678299354,
    "nc": 0.0003275708350987319,
    "jp": 0.0003246350656669561,
    "in": 0.00031263963794371866,
    "cc": 0.00031187525219961317,
    "fm": 0.00031119009261708477,
    "il": 0.0003070453906456873,
    "cn": 0.00030683852233490247,
    "us": 0.00029472132106701863,
    "ovh": 0.00028824384878251604,
    "pf": 0.0002821639744570395,
    "cf": 0.0002775219082490743,
    "ga": 0.000269951408365035,
    "gr": 0.0002661529540627525,
    "ml": 0.00025819072482424836,
    "mu": 0.0002470902592966047,
    "paris": 0.00024291768145354113,
    "at": 0.00024034429835342392,
    "ws": 0.00023746134636269963,
    "news": 0.00023583427574808732,
    "online": 0.0002328060757944716,
    "vn": 0.00022523264160815163,
    "quebec": 0.00021931121960582943,
    "shop": 0.0002174273975416615,
    "cd": 0.00021332230865105258,
    "mobi": 0.00021132111449565926,
    "hk": 0.0001903159116197308,
    "au": 0.00018486397798231024,
    "media": 0.00017456751127956066,
    "cm": 0.00017009563460387234,
    "mg": 0.00017004575146510153,
    "coop": 0.00016668010674921274,
    "brussels": 0.00016424170155400472,
    "gq": 0.00016385584080410117,
    "se": 0.00016179742775423544,
    "corsica": 0.0001607982978276791,
    "space": 0.00014363849809052333,
    "mc": 0.00013903604496334673,
    "hu": 0.00013446880346353773,
    "no": 0.0001306263346270457,
    "site": 0.00012622341405495229,
    "bf": 0.00012409164344807068,
    "ar": 0.00011655342088911835,
    "su": 0.00011502758370318795,
    "tw": 0.00011426759941250339,
    "ir": 0.00011396683342873825,
    "tr": 0.00011372768779286647,
    "ua": 0.00010194352983383475,
    "la": 0.00010103389612683778,
    "va": 9.896081156556887e-05,
    "town": 9.743350722849815e-05,
    "travel": 9.732493804411464e-05,
    "cat": 9.643144299966116e-05,
    "to": 9.623777904913923e-05,
    "immo": 8.916464340166763e-05,
    "name": 8.906781142640665e-05,
    "africa": 8.525615276386128e-05,
    "kr": 8.49436495709736e-05
}