{
    "com": 0.685790320167816,
    "in": 0.16102708424494203,
    "org": 0.055523109574935975,
    "net": 0.017468422547444584,
    "tv": 0.01683490356179864,
    "page": 0.01232274420628048,
    "me": 0.006708692435204666,
    "info": 0.0029183066278241927,
    "ae": 0.0028577881455395114,
    "co": 0.0027405639574945694,
    "xxx": 0.0027350690736799624,
    "news": 0.0027002681428541205,
    "ru": 0.002087532527282472,
    "online": 0.0019677291080592452,
    "live": 0.0016798644804654637,
    "xyz": 0.0015088502392965831,
    "sex": 0.0014761799777049762,
    "mobi": 0.001204538340420986,
    "club": 0.0011104898528186025,
    "cn": 0.0010186467947744626,
    "uk": 0.00100548897774901,
    "pro": 0.0008802654350351848,
    "top": 0.0008680421220598353,
    "np": 0.0006505643395198249,
    "it": 0.0005697858094289067,
    "de": 0.00054780627417048,
    "za": 0.0005048938481897423,
    "pt": 0.00048235361050125375,
    "jp": 0.0004626168849630748,
    "il": 0.00044983286955766334,
    "space": 0.000438544060632417,
    "today": 0.0003832214208663092,
    "biz": 0.0003826607184362473,
    "au": 0.00037167095080703396,
    "blog": 0.0003674096123385635,
    "eu": 0.00035249492769891683,
    "ca": 0.00032842210336825914,
    "gr": 0.0003133205179185918,
    "kr": 0.0003084237166960512,
    "site": 0.0002906681397440909,
    "ir": 0.0002814352397290716,
    "guru": 0.0002740713478142586,
    "app": 0.000270968794367916,
    "edu": 0.00027055761258587064,
    "sg": 0.00026457678666521033,
    "io": 0.0002619227951629173,
    "at": 0.00024655954857922115,
    "porn": 0.0002463352676071964,
    "tr": 0.00023657904532411927,
    "media": 0.00023183176474959516,
    "cc": 0.0002213653193884396,
    "fr": 0.00021755254286401866,
    "fm": 0.00021415094812164313,
    "no": 0.0002064880149107971,
    "nz": 0.0001934423383713568,
    "asia": 0.0001920592723772041,
    "tw": 0.0001821535294461105,
    "cyou": 0.0001814806865300362,
    "br": 0.00018114426507199904,
    "xn--h2brj9c": 0.00016944427436470732,
    "ar": 0.0001667902828624143,
    "nl": 0.00016480913427619558,
    "website": 0.00016256632455594798,
    "pk": 0.00016200562212588608,
    "tech": 0.00015643597798727115,
    "is": 0.00014368934274386388,
    "sbs": 0.00014312864031380197,
    "us": 0.00014159605367163278,
    "tk": 0.0001273542119480604,
    "be": 0.00012574686498188295,
    "html": 0.0001198407993852309,
    "va": 0.00011438329573262837,
    "cz": 0.00011277594876645092,
    "life": 0.00010952387467209188,
    "es": 0.0001076174864098814,
    "ch": 0.00010287020583535729,
    "gd": 0.00010238426372930363,
    "name": 9.864624752889094e-05,
    "city": 9.494561149048237e-05,
    "zone": 9.277756209424301e-05,
    "ro": 9.146925642409858e-05,
    "agency": 9.02730912399665e-05,
    "hk": 8.380632321325255e-05,
    "red": 7.894690215271606e-05,
    "se": 7.876000134269542e-05,
    "pl": 7.67788527564767e-05,
    "vip": 6.77702337134821e-05,
    "ua": 6.365841589302814e-05,
    "earth": 6.078014341871037e-05,
    "sexy": 6.078014341871037e-05,
    "ie": 6.006992034063196e-05,
    "ws": 5.797663126840085e-05,
    "fi": 5.771497013437196e-05,
    "gov": 5.69299867322853e-05,
    "lt": 5.132296243166626e-05,
    "fun": 4.7883987527286584e-05,
    "world": 4.67999628291669e-05,
    "mx": 4.575331829305135e-05,
    "dk": 4.4519772946915164e-05,
    "tips": 4.440763246090278e-05
}