{
    "se": 0.5424381649426141,
    "com": 0.25756598596137353,
    "org": 0.037904972094122615,
    "nu": 0.02606917538000437,
    "de": 0.016137537619630778,
    "fi": 0.015341431312325819,
    "net": 0.013903979229379278,
    "eu": 0.013693761147499314,
    "app": 0.013356209736810657,
    "xxx": 0.005803405657364691,
    "info": 0.0056729296282289,
    "no": 0.005274257457845326,
    "tv": 0.0047901482807915004,
    "ch": 0.002576093679236666,
    "dk": 0.0025163188841262835,
    "nl": 0.0024074227305699077,
    "me": 0.0023584156521358085,
    "ru": 0.0021906335480060077,
    "at": 0.0020076014111778382,
    "uk": 0.0018701352546478332,
    "fr": 0.0014935381732285498,
    "ax": 0.0012553151395448782,
    "it": 0.0011462221704124618,
    "biz": 0.0010880536443581524,
    "il": 0.0010559346121262433,
    "co": 0.0009932710722707493,
    "au": 0.0009090276568358408,
    "pl": 0.0008724390063609461,
    "be": 0.0007673077443075396,
    "fm": 0.0007533020939609115,
    "es": 0.0007482928201062018,
    "ca": 0.0007231702641580571,
    "blog": 0.0007155642944775219,
    "in": 0.0006675032005863276,
    "gr": 0.0005324559709747563,
    "jp": 0.0005275609771319411,
    "club": 0.000520932736442059,
    "cz": 0.000490750115522807,
    "ro": 0.0004780459875338665,
    "sk": 0.00045670102086779046,
    "hu": 0.0004304102692425017,
    "edu": 0.00041332540746427134,
    "br": 0.0003960754745577489,
    "io": 0.000369537116240022,
    "la": 0.000352674465596031,
    "us": 0.0003364594016861089,
    "pt": 0.00033221199457736264,
    "cc": 0.00031422559048307553,
    "cn": 0.0002970137509138512,
    "sex": 0.00026547881652051405,
    "mobi": 0.00026355510298695637,
    "nz": 0.0002594727670065022,
    "gov": 0.000254869822082973,
    "top": 0.000250450994956385,
    "tr": 0.0002471305257218943,
    "life": 0.00023581045565478735,
    "online": 0.00022650933246448358,
    "xyz": 0.00021918271392413504,
    "tw": 0.00021071329526484134,
    "ie": 0.00020666905262168537,
    "kr": 0.00020216768993095132,
    "ee": 0.00019465695359366164,
    "is": 0.00018507647926317125,
    "ar": 0.00018053702323513903,
    "hk": 0.00017886091639401943,
    "mx": 0.00017042324218247422,
    "ua": 0.0001633569281136632,
    "shop": 0.00016206810353507504,
    "ws": 0.00013816453438047176,
    "sg": 0.00012870468895142558,
    "za": 0.00012414618625474427,
    "gg": 0.00011395621852748313,
    "live": 0.00011347370292170628,
    "pro": 0.00010909296913241644,
    "lt": 0.00010752479341364167,
    "tk": 0.00010464874644762964,
    "pk": 0.00010149334834143102,
    "porn": 9.725229012223447e-05,
    "one": 9.467464096505812e-05,
    "travel": 9.143670729471346e-05,
    "business": 9.136052062011712e-05,
    "id": 8.816702917662032e-05,
    "stockholm": 8.160862627178496e-05,
    "lv": 7.741201027943628e-05,
    "st": 6.827595821742456e-05,
    "mt": 6.509516455302716e-05,
    "cl": 6.439678670256066e-05,
    "to": 6.37936421953396e-05,
    "site": 6.377459552669052e-05,
    "uz": 6.283495987333559e-05,
    "my": 6.246037538990356e-05,
    "name": 6.109536413671904e-05,
    "hr": 5.94890950806461e-05,
    "tips": 5.9393861737400674e-05,
    "vn": 5.529247908829743e-05,
    "as": 5.4054445626106824e-05,
    "asia": 5.3298927769693065e-05,
    "fun": 5.246087434913327e-05,
    "company": 5.1927567626958856e-05,
    "si": 4.634689371277658e-05
}