{
    "com": 0.7446218137018785,
    "th": 0.07914993119590305,
    "net": 0.04677273951645811,
    "org": 0.042892798435759966,
    "tv": 0.019805332426177318,
    "info": 0.006077382133585861,
    "co": 0.0060029877114264555,
    "me": 0.004636875779044907,
    "xyz": 0.003691002086113404,
    "xxx": 0.003562005915259019,
    "tk": 0.003515593814951616,
    "ru": 0.003199598626192008,
    "adult": 0.002511078801631712,
    "porn": 0.0020702989103789466,
    "club": 0.0017852451218242735,
    "online": 0.001735063573158571,
    "biz": 0.0015729650154182716,
    "pl": 0.0014635282296934352,
    "nl": 0.001337601642192715,
    "in": 0.00110593404732497,
    "asia": 0.0010428356919070484,
    "jp": 0.001032006201835321,
    "kr": 0.0008416060855742376,
    "icu": 0.0008333182105193442,
    "de": 0.0007827314768509582,
    "tw": 0.0007808897268387596,
    "bet": 0.0006531582243260847,
    "mobi": 0.0006286506708304296,
    "uk": 0.0005618319803878672,
    "top": 0.0005473435469585721,
    "sex": 0.0005221729634585256,
    "cc": 0.0005209942434507186,
    "vip": 0.0005114908133877742,
    "vn": 0.0005071074483587416,
    "us": 0.0004887636182372444,
    "be": 0.0004884689382352926,
    "pro": 0.00045434744967596125,
    "php": 0.0004441809896086254,
    "eu": 0.00041653018275881825,
    "sg": 0.0004150813394158887,
    "live": 0.00040002810264951944,
    "news": 0.0003977688893012226,
    "au": 0.0003743049941458134,
    "io": 0.0003555805356884617,
    "blog": 0.00034403890227868435,
    "fr": 0.0003332830822074449,
    "business": 0.00031392015041253115,
    "website": 0.0003070688403671526,
    "app": 0.0002900142352541943,
    "il": 0.0002532283483438824,
    "site": 0.0002522092466704659,
    "edu": 0.00022304820481065595,
    "world": 0.00021909458145113645,
    "fm": 0.00021175213806917166,
    "cyou": 0.00020464298302208536,
    "im": 0.0002046061480218414,
    "casino": 0.00019829508464670777,
    "today": 0.00019716547797255936,
    "it": 0.00018955291125547213,
    "cn": 0.00018947924125498416,
    "pw": 0.00018681484290400364,
    "hk": 0.00018469069122326802,
    "games": 0.00017173704947080507,
    "cm": 0.00017111085446665757,
    "fun": 0.0001568802660390703,
    "shop": 0.00015577521603175117,
    "win": 0.0001522144993415007,
    "gr": 0.00015161286100418253,
    "game": 0.00015070426433149792,
    "name": 0.0001433127076158745,
    "es": 0.0001412622259356268,
    "store": 0.00013570014089878726,
    "ch": 0.00013442319422366295,
    "is": 0.00012867693418560356,
    "center": 0.0001284927591843837,
    "review": 0.0001280752958482854,
    "pt": 0.00012015577079583172,
    "life": 0.00011557595243216473,
    "space": 0.00011216257574289013,
    "work": 0.00010893337405483539,
    "xn--o3cw4h": 0.00010388697902141143,
    "agency": 0.000100252592330673,
    "tr": 9.976145899408673e-05,
    "wiki": 9.951589232579359e-05,
    "se": 9.837400731823051e-05,
    "ws": 9.548859896578615e-05,
    "ca": 9.024575059772769e-05,
    "cz": 8.432759389186309e-05,
    "company": 8.269457554771374e-05,
    "nz": 8.09142172025885e-05,
    "br": 8.047219719966085e-05,
    "pk": 8.043536219941689e-05,
    "link": 7.79551388496562e-05,
    "no": 7.705882051038626e-05,
    "fi": 7.470138049477214e-05,
    "mx": 7.414885549111258e-05,
    "style": 7.230710547891407e-05,
    "video": 7.051446880037417e-05,
    "social": 6.870955378841962e-05,
    "travel": 6.755539044744187e-05
}